Workbook

Sheet RTM
A1: Requirements Traceability Matrix: jihazy.ps (English /en and Arabic /ar)
A2: Summary level: one row per requirement. Test cases live in the 'Test Cases' tab; the green columns (Test Case ID, Done Status, Bug ID) fill themselves from it.
A4: Req. ID | B4: Req. Name | C4: Module Name | D4: Req. Description | E4: Test Case ID | F4: Done Status | G4: Priority | H4: Bug ID
A5: REQ-001 | B5: Navigation & Routing | C5: Navigation & Localization | D5: Verify header, footer, category tiles, breadcrumbs, internal links, page titles and 404 handling work on every page in EN and AR. | E5: {=TEXTJOIN(", ",TRUE(),IF(ISNUMBER(SEARCH($A5,'Test Cases'!$B$5:$B$500)),'Test Cases'!$A$5:$A$500,""))} | F5: Pending | G5: High | H5: {=TEXTJOIN(", ",TRUE(),IF(ISNUMBER(SEARCH($A5,'Test Cases'!$B$5:$B$500)),'Test Cases'!$J$5:$J$500,""))}
A6: REQ-002 | B6: Language Switching & Content Parity | C6: Navigation & Localization | D6: Switching AR ⇄ EN opens the equivalent page, and every page has the same content, prices and messages in both languages. | E6: {=TEXTJOIN(", ",TRUE(),IF(ISNUMBER(SEARCH($A6,'Test Cases'!$B$5:$B$500)),'Test Cases'!$A$5:$A$500,""))} | F6: Pending | G6: Critical | H6: {=TEXTJOIN(", ",TRUE(),IF(ISNUMBER(SEARCH($A6,'Test Cases'!$B$5:$B$500)),'Test Cases'!$J$5:$J$500,""))}
A7: REQ-003 | B7: User Registration (Sign-up) | C7: User Account | D7: A visitor can create an account (first name, last name, email, phone, password, confirm password, offers checkbox) with correct validation and error messages in EN and AR. | E7: {=TEXTJOIN(", ",TRUE(),IF(ISNUMBER(SEARCH($A7,'Test Cases'!$B$5:$B$500)),'Test Cases'!$A$5:$A$500,""))} | F7: Pending | G7: Critical | H7: {=TEXTJOIN(", ",TRUE(),IF(ISNUMBER(SEARCH($A7,'Test Cases'!$B$5:$B$500)),'Test Cases'!$J$5:$J$500,""))}
A8: REQ-004 | B8: User Login | C8: User Account | D8: A registered user can log in with email or phone and password, with Remember me, clear errors for invalid input, and a session that survives language switching. | E8: {=TEXTJOIN(", ",TRUE(),IF(ISNUMBER(SEARCH($A8,'Test Cases'!$B$5:$B$500)),'Test Cases'!$A$5:$A$500,""))} | F8: Pending | G8: Critical | H8: {=TEXTJOIN(", ",TRUE(),IF(ISNUMBER(SEARCH($A8,'Test Cases'!$B$5:$B$500)),'Test Cases'!$J$5:$J$500,""))}
A9: REQ-005 | B9: Password Recovery | C9: User Account | D9: A user can request and complete a password reset from 'Forgot your password?', and invalid requests are handled safely. | E9: {=TEXTJOIN(", ",TRUE(),IF(ISNUMBER(SEARCH($A9,'Test Cases'!$B$5:$B$500)),'Test Cases'!$A$5:$A$500,""))} | F9: Pending | G9: High | H9: {=TEXTJOIN(", ",TRUE(),IF(ISNUMBER(SEARCH($A9,'Test Cases'!$B$5:$B$500)),'Test Cases'!$J$5:$J$500,""))}
A10: REQ-006 | B10: Session & Account | C10: User Account | D10: Logout, logged-in header state, session expiry, favorites and profile (if present) behave correctly. | E10: {=TEXTJOIN(", ",TRUE(),IF(ISNUMBER(SEARCH($A10,'Test Cases'!$B$5:$B$500)),'Test Cases'!$A$5:$A$500,""))} | F10: Pending | G10: High | H10: {=TEXTJOIN(", ",TRUE(),IF(ISNUMBER(SEARCH($A10,'Test Cases'!$B$5:$B$500)),'Test Cases'!$J$5:$J$500,""))}
A11: REQ-007 | B11: Home Page | C11: Catalog | D11: Banners, 'Shop by category', 'Latest phones' and 'Newest products' load and link to the right pages, with correct price, condition badge and installment label. | E11: {=TEXTJOIN(", ",TRUE(),IF(ISNUMBER(SEARCH($A11,'Test Cases'!$B$5:$B$500)),'Test Cases'!$A$5:$A$500,""))} | F11: Pending | G11: High | H11: {=TEXTJOIN(", ",TRUE(),IF(ISNUMBER(SEARCH($A11,'Test Cases'!$B$5:$B$500)),'Test Cases'!$J$5:$J$500,""))}
A12: REQ-008 | B12: Category Listing, Search, Filter & Sort | C12: Catalog | D12: Category pages list products with working search, filters, sorting and pagination, and the result counts are correct. | E12: {=TEXTJOIN(", ",TRUE(),IF(ISNUMBER(SEARCH($A12,'Test Cases'!$B$5:$B$500)),'Test Cases'!$A$5:$A$500,""))} | F12: Pending | G12: High | H12: {=TEXTJOIN(", ",TRUE(),IF(ISNUMBER(SEARCH($A12,'Test Cases'!$B$5:$B$500)),'Test Cases'!$J$5:$J$500,""))}
A13: REQ-009 | B13: Product Details | C13: Catalog | D13: Product page shows gallery, price, variants, stock, delivery, warranty, specs, bundle, compare, favorites and reviews correctly. | E13: {=TEXTJOIN(", ",TRUE(),IF(ISNUMBER(SEARCH($A13,'Test Cases'!$B$5:$B$500)),'Test Cases'!$A$5:$A$500,""))} | F13: Pending | G13: Critical | H13: {=TEXTJOIN(", ",TRUE(),IF(ISNUMBER(SEARCH($A13,'Test Cases'!$B$5:$B$500)),'Test Cases'!$J$5:$J$500,""))}
A14: REQ-010 | B14: Cart | C14: Purchase | D14: Add to cart, header cart count, quantity change, removal, totals and empty-cart state work for guests and logged-in users. | E14: {=TEXTJOIN(", ",TRUE(),IF(ISNUMBER(SEARCH($A14,'Test Cases'!$B$5:$B$500)),'Test Cases'!$A$5:$A$500,""))} | F14: Pending | G14: Critical | H14: {=TEXTJOIN(", ",TRUE(),IF(ISNUMBER(SEARCH($A14,'Test Cases'!$B$5:$B$500)),'Test Cases'!$J$5:$J$500,""))}
A15: REQ-011 | B15: Checkout & Orders | C15: Purchase | D15: A customer can check out by delivery or store pickup, pay cash or by installments, and get an order confirmation; invalid input is blocked. | E15: {=TEXTJOIN(", ",TRUE(),IF(ISNUMBER(SEARCH($A15,'Test Cases'!$B$5:$B$500)),'Test Cases'!$A$5:$A$500,""))} | F15: Pending | G15: Critical | H15: {=TEXTJOIN(", ",TRUE(),IF(ISNUMBER(SEARCH($A15,'Test Cases'!$B$5:$B$500)),'Test Cases'!$J$5:$J$500,""))}
A16: REQ-012 | B16: Installments | C16: Purchase | D16: The installment calculator and 'from X ₪ / month' labels show correct plans, down payment rules and monthly amounts, the same in EN and AR. | E16: {=TEXTJOIN(", ",TRUE(),IF(ISNUMBER(SEARCH($A16,'Test Cases'!$B$5:$B$500)),'Test Cases'!$A$5:$A$500,""))} | F16: Pending | G16: High | H16: {=TEXTJOIN(", ",TRUE(),IF(ISNUMBER(SEARCH($A16,'Test Cases'!$B$5:$B$500)),'Test Cases'!$J$5:$J$500,""))}
... A23: REQ-019 | B23: Basic Security | C23: Quality | D23: Pages and forms use HTTPS, passwords are masked, and form fields handle script-like or SQL-like input safely. | E23: {=TEXTJOIN(", ",TRUE(),IF(ISNUMBER(SEARCH($A23,'Test Cases'!$B$5:$B$500)),'Test Cases'!$A$5:$A$500,""))} | F23: Pending | G23: High | H23: {=TEXTJOIN(", ",TRUE(),IF(ISNUMBER(SEARCH($A23,'Test Cases'!$B$5:$B$500)),'Test Cases'!$J$5:$J$500,""))}

Sheet Test Cases
A1: Test Cases (write them here and link each one to a requirement)
A2: One row per test case. Put the Req. ID in column B (several are allowed, separated by commas). Each case is written once and run for EN and AR: record both results. Use N/A when a language does not apply.
A4: TC ID | B4: Req. ID | C4: Test Case Title | D4: Preconditions / Test Data | E4: Steps | F4: Expected Result | G4: Suite | H4: Result EN | I4: Result AR | J4: Bug ID | K4: Type | L4: Automated Script (class#method)

Sheet Read Me
A1: Read Me: RTM for jihazy.ps
A2: Companion to Test Plan v1.0 · Team: Basil Samouh · Version 1.0 · Date [YYYY-MM-DD]
A4: How it works
A5: Chain | B5: Requirement (RTM) → Test cases ('Test Cases' tab, column B) → Results EN / AR → Bug ID. Test cases carry the detail; the RTM stays one row per requirement.
A6: Adding test cases | B6: Write each case in 'Test Cases' with the Req. ID it covers. In the RTM, Test Case ID, Done Status and Bug ID update by themselves. Do not type in the green columns.
A7: Test Case ID example | B7: TC-LOGIN-01, TC-LOGIN-02 … (area name + number, unique per case)
A8: Needs | B8: Excel 2019 / Microsoft 365 or Google Sheets (TEXTJOIN). In older Excel, type the Test Case ID and Bug ID by hand.
A10: Done Status rule (per requirement, from its test cases)
A11: Not Started | B11: No test case written yet, or nothing run.
A12: In Progress | B12: Some results recorded (or Blocked), but not all EN and AR results are in.
A13: Failed | B13: At least one EN or AR result is Fail. Wins over every other state.
A14: Done | B14: Every linked test case has a result for both EN and AR, none failed (Pass or N/A).
A16: Priority
A17: Scale | B17: Same as Test Plan §10 severity. Critical: core flow or a whole language version blocked. High: major feature broken, no workaround. Medium: partly impaired, workaround exists. Low: cosmetic.
A19: Notes for writing the test cases
A20: Checked so far | B20: Read-only review of public pages on 2026-10-19 (home EN/AR, category, product, login, register, cart, trade-in, contact, stores, installment calculator). Not seen yet: checkout, logged-in area, compare page, forgot-password page, form success/error messages. Confirm these with the owner before writing their cases (REQ-005, 006, 011).
A21: Hebrew | B21: The site also has an HE version. Test Plan v1.0 covers EN and AR only: decide to leave it out or add a smoke check.
A22: Language switch | B22: Category and static-page slugs are localized in Arabic. On the EN contact page the AR switcher points to /ar/pages/contact-us, while the AR footer uses the Arabic slug. Verify both resolve (REQ-002).
A23: Installments | B23: Honor 600, 6 months, 300 ₪ down: financed total 1,900 ₪ vs cash price 1,750 ₪; 6 × 266.66 = 1,599.96 vs financed 1,600; product page shows 267 ₪ / month. Confirm the pricing and rounding rules (REQ-012).
A24: Arabic content | B24: Product image alt text is English on /ar; some spec values stay Latin (e.g., '4GB+4GB'); /en/stores shows Arabic address text (REQ-002, 015, 017, 021).
A25: Live site | B25: No staging URL: sign-up, checkout, trade-in and contact tests create real records. Agree a test-data convention (e.g., 'QA TEST' prefix) and cleanup with the site owner first.
A27: Revision history
A28: 1.0 | B28: [YYYY-MM-DD] · Basil Samouh · Initial RTM: 22 requirements, no test cases linked yet.
